"Semaine";"Début";"Fin";"Phase";"Objectif de la semaine";"Thème";"Lundi";"Mardi";"Mercredi";"Jeudi";"Vendredi";"Samedi";"Dimanche";"CTA principal";"KPI hebdomadaire";"Prérequis produit"
"S1";"05/10/2026";"11/10/2026";"P1 - Le studio s'installe";"Exister : 300 abonnés, 100 inscriptions";"Le manifeste";"Post fondateur manifeste (carrousel 6 slides, Archivo Black, lavande/encre)";"LinkedIn : article 'Le marché des ressources créatives en AOF en 4 chiffres' + visuel data Space Mono";"TikTok/Reels : '3 problèmes d'un créatif à Dakar' (30 s, texte à l'écran)";"WhatsApp : message de bienvenue chaîne + lien liste d'attente";"Instagram : 'À quoi ressemble un studio' (logo, palette, typo) + carrousel design system";"Story sondage : 'Tu vends déjà tes créations ?'";"Communauté : question ouverte 'Ton plus gros frein pour vendre en ligne ?'";"Suis-nous, on ouvre en février";"300 abonnés / 100 inscriptions / 1 commentaire pour 10 vues";"Comptes sociaux créés et habillés ; page d'attente en ligne ; sitemap + robots + image OG (à créer) ; catalogue démo nettoyé"
"S2";"12/10/2026";"18/10/2026";"P1";"500 abonnés cumulés";"Le paiement, premier argument";"Carrousel : 'Pourquoi tu ne peux pas encaisser depuis l'étranger' (5 slides, chiffres Space Mono)";"LinkedIn : '485 millions de comptes mobile money et toujours pas de marketplace créative'";"Reel portrait 20 s 'Awa, illustratrice à Dakar' (persona charte, à remplacer par une vraie personne)";"WhatsApp : Coulisses - l'équipe choisit les rails de paiement";"Post chiffre : '88,5 %' en grand - 'Une vente de 10 000 F = 8 850 F sur ton Wave'";"Republication du meilleur contenu";"Question : 'Payé à la commande ou à la livraison ?'";"Rejoindre la liste d'attente";"500 abonnés / 250 inscriptions";"-"
"S3";"19/10/2026";"25/10/2026";"P1";"800 abonnés, 250 inscriptions";"Le produit, montré";"Carrousel : 'Le feed en 6 écrans' (captures produit réel)";"LinkedIn : rien (rythme allégé, focus produit)";"Reel 30 s 'Démo : de l'upload au premier like' (filmé écran, musique + stickers)";"WhatsApp : 'Ce que tu pourras déposer' (24 formats, 200 Mo)";"Post : les 24 formats en une image Space Mono";"Story série 'Devine le format' (PSD ? AI ? TTF ?)";"-";"S'inscrire à la liste d'attente";"800 abonnés / 250 inscriptions";"Environnement de démo stable pour les captures"
"S4";"26/10/2026";"01/11/2026";"P1";"1 500 abonnés, 400 inscriptions, 30 candidatures fondateurs";"Les 100 premiers";"Carrousel : 'Ce que ça change d'être dans les 100 premiers' (badge Fondateur, commission préférentielle 3 mois)";"LinkedIn : 'On recrute 100 créateurs fondateurs' (post B2B + offre)";"Reel d'appel filmé par un vrai créatif (micro-influenceur n°1)";"WhatsApp : rappel formulaire fondateurs";"Post bilan mois 1 avec les VRAIS chiffres (abonnés, messages reçus)";"Story : coulisses de la sélection";"Ouverture du formulaire 'Créateur fondateur' (lien en bio)";"Postuler comme créateur fondateur";"1 500 abonnés / 400 inscriptions / 30 candidatures";"Formulaire de candidature fondateurs opérationnel"
"S5";"02/11/2026";"08/11/2026";"P2 - Le vrai matériel";"2 200 abonnés, 700 inscriptions, 50 fondateurs";"Générique vs local";"Carrousel avant/après : même publicité en stock générique puis en ressource Baobart";"LinkedIn : 'Ce que coûte une séance photo à une agence de Dakar' (cible Serge)";"Reel 'Le brief en 3 secondes' : un créatif répond à un brief client avec un pack";"WhatsApp : les 10 familles de ressources recherchées";"'Le détail du vendredi' : les 3 traitements de cartes du feed";"Republication du meilleur contenu";"-";"S'inscrire à la liste d'attente";"2 200 abonnés / 700 inscriptions / 50 fondateurs";"Visuels avant/après produits (maquette + ressource réelle)"
"S6";"09/11/2026";"15/11/2026";"P2";"2 800 abonnés, 1 000 inscriptions";"Le prix, expliqué";"Carrousel éducation : 'Comment fixer le prix d'un pack (testé par nos vendeurs)'";"Newsletter n°1 'Ce qu'on a appris en un mois' + LinkedIn : 'Les motifs wax expliqués aux designers'";"Reel '2 500 F, 5 000 F ou 10 000 F ?' (3 packs, 3 stratégies)";"WhatsApp : question 'Tu as déjà vendu un fichier ?'";"Article blog pilier SEO 'Les motifs wax expliqués aux designers' + post de lancement";"Story : citation du jour";"-";"S'abonner à la newsletter";"2 800 abonnés / 1 000 inscriptions / 1 article publié";"Blog opérationnel et accessible publiquement"
"S7";"16/11/2026";"22/11/2026";"P2";"3 500 abonnés, 1 300 inscriptions, 80 fondateurs";"Dans l'atelier";"Carrousel : '10 familles de ressources qu'on cherche'";"LinkedIn : rien (focus création)";"Reels série 'Dans l'atelier de…' (2 Reels : un illustrateur, un photographe)";"WhatsApp : témoignage d'un fondateur";"Post témoignage : 'J'ai vendu mes premiers packs en trois semaines' - Awa Diallo, Dakar";"Story : making-of du portrait";"-";"Devenir créateur fondateur";"3 500 abonnés / 1 300 inscriptions / 80 fondateurs";"Accord écrit des créateurs filmés (droit à l'image)"
"S8";"23/11/2026";"29/11/2026";"P2";"4 200 abonnés, 1 600 inscriptions, 100 fondateurs";"Shield";"Carrousel : 'Ce que l'IA fait à ton travail - et ce qu'on fait contre' (filigrane, C2PA, perturbation)";"LinkedIn : '26 % des illustrateurs ont perdu du travail à cause de l'IA. Voici la réponse de Baobart.'";"Reel 'Ton motif entraîné en 3 clics ?' (démonstration, ton direct)";"WhatsApp : les 4 couches de protection expliquées simplement";"Post : 'Ton travail reste ton travail. On le protège, on le trace, on le paie.'";"Story : coulisses de la protection";"Clôture des candidatures fondateurs + annonce des sélectionnés";"Partager (objectif : partages, pas likes)";"4 200 abonnés / 1 600 inscriptions / 100 fondateurs";"Documentation Shield prête à être montrée"
"S9";"30/11/2026";"06/12/2026";"P2";"5 000 abonnés, 2 000 inscriptions, 200 bêta-testeurs";"Bêta fermée";"Carrousel : 'La bêta est ouverte : ce que les 200 premiers peuvent faire'";"Newsletter n°2 'La bêta, les premiers retours, ce qu'on corrige'";"Reel de la bêta en action : 'Premières ressources déposées'";"WhatsApp : invitation à la bêta";"Post bilan mois 2 avec chiffres réels + remerciements nominaux aux fondateurs";"Story : merci aux fondateurs";"-";"Demander un accès bêta";"5 000 abonnés / 2 000 inscriptions / 200 bêta-testeurs";"COMPTE MARCHAND PAYSTACK DEMANDÉ (chemin critique) ; environnement bêta stable"
"S10";"07/12/2026";"13/12/2026";"P3 - La communauté s'échauffe";"6 000 abonnés, 500 participations";"Défi #1 : Un motif, une histoire";"Annonce du concours (carrousel règles + Reel) : 'Dessine un motif inspiré de ta ville. Prix 150 000 F'";"WhatsApp : rappel concours + compte à rebours";"Reel : les 10 premières participations";"WhatsApp : 'Il reste 5 jours'";"'Le détail du vendredi' : comment on juge (critères en clair)";"Republication des participations";"Story : participations du jour";"Participer au défi";"6 000 abonnés / 500 participations";"Module concours/événements testé ; jury désigné"
"S11";"14/12/2026";"20/12/2026";"P3";"7 000 abonnés, 2 500 inscriptions";"Le cadeau utile";"Carrousel : '10 packs gratuits à récupérer avant janvier'";"Newsletter n°3 'Le cadeau utile' + LinkedIn : bilan du concours";"Reel 'Ce que j'offre à mon cousin designer cette année'";"WhatsApp : les packs gratuits du jour";"Annonce des résultats du Défi #1 + remise des prix en live (20 min)";"Story : félicitations au gagnant";"-";"Récupérer les packs gratuits";"7 000 abonnés / 2 500 inscriptions";"Packs gratuits packagés et livrables"
"S12";"21/12/2026";"27/12/2026";"P3";"Maintenir (pas de pression commerciale)";"Best-of et respiration";"Carrousel best-of : 'L'année des créatifs africains en 10 images'";"-";"Reel compilation 'Les coulisses de la bêta'";"-";"Vœux de l'équipe en 3 lignes, signés";"Story : remerciements";"-";"Aucun (respiration)";"Engagement maintenu ; contenus de janvier préparés";"Contenus de janvier écrits et programmés"
"S13";"28/12/2026";"03/01/2027";"P3";"8 000 abonnés, 3 000 inscriptions";"Ton 2027 de créateur";"Carrousel : '3 résolutions de créatif pour 2027' (publier, fixer un prix, encaisser)";"-";"Reel 'Ce que j'aurais aimé savoir il y a un an'";"WhatsApp : retour en douceur, message personnel de l'équipe";"Teaser : 'Février. On ouvre.' + compte à rebours 5 semaines";"Story : compte à rebours J-33";"-";"S'inscrire à la liste d'attente";"8 000 abonnés / 3 000 inscriptions";"Bêta alimentée (objectif 300 ressources) ; processus de modération rodé"
"S14";"04/01/2027";"10/01/2027";"P4 - Le compte à rebours";"9 000 abonnés, 3 500 inscriptions";"La date";"ANNONCE OFFICIELLE : 'Le 5 février 2027, Baobart ouvre' (carrousel + Reel + LinkedIn)";"LinkedIn : 'Pourquoi une marketplace ouest-africaine, et pourquoi maintenant'";"Ouverture des pré-inscriptions (accès prioritaire le jour J)";"WhatsApp : 'La date est fixée'";"'Le détail du vendredi' : les espaces d'équipe (argument qui convertit les agences)";"Story : compte à rebours J-29";"-";"Se pré-inscrire";"9 000 abonnés / 3 500 inscriptions";"PAIEMENT EN PRODUCTION si possible ; 1re campagne payante (liste d'attente, SN+CI+BJ)"
"S15";"11/01/2027";"17/01/2027";"P4";"10 500 abonnés, 4 200 inscriptions, 200 créateurs actifs";"Une fonctionnalité par jour";"Série quotidienne (5 jours) : le feed / les collections / les licences / les badges / les espaces d'équipe";"LinkedIn : 'Les licences expliquées à un client'";"Reel '60 secondes pour comprendre Baobart' (la vidéo à repartager)";"WhatsApp : 'Il reste 3 semaines'";"Post : 'Tout est là' (récap des fonctionnalités)";"Story : sondage 'Tu commences par quoi ?'";"-";"Se pré-inscrire";"10 500 abonnés / 4 200 inscriptions / 200 créateurs actifs";"2e campagne payante (conversion) si budget"
"S16";"18/01/2027";"24/01/2027";"P4";"12 000 abonnés, 5 000 inscriptions, 300 créateurs";"Les premiers packs";"Carrousel galerie : 'Les 100 premiers packs de Baobart' (ressources réelles des fondateurs)";"-";"Reel portrait : un fondateur publie son pack en direct";"WhatsApp : 'Le catalogue grossit'";"Post : 'Ce que les créateurs fondateurs ont gagné' (chiffres réels, même petits)";"Story : packs du jour";"-";"Se pré-inscrire";"12 000 abonnés / 5 000 inscriptions / 300 créateurs";"Article blog 'Pourquoi les banques d'images ne montrent pas l'Afrique'"
"S17";"25/01/2027";"31/01/2027";"P4";"14 000 abonnés, 5 500 inscriptions";"J-10";"Carrousel : 'Dans 10 jours - les 10 raisons d'être là le 5 février'";"-";"LIVE 30 min : 'Comment vendre ton premier pack' avec 2 créateurs fondateurs";"WhatsApp : rappel du live";"Post 'J-4' + lien de pré-inscription mis en avant partout";"Story : compte à rebours J-5";"-";"Se pré-inscrire";"14 000 abonnés / 5 500 inscriptions";"Événement de lancement confirmé (lieu, heure, lien du direct)"
"S18";"01/02/2027";"05/02/2027";"P4 - LANCEMENT";"Ouverture publique : 6 000 inscriptions, 400 créateurs, 150 abonnés payants";"Lancement";"Lun 1/02 'J-4' : 'Ce vendredi, on ouvre.' (tous canaux)";"Mar 2/02 Coulisses : l'équipe prépare l'ouverture (story + Reel)";"Mer 3/02 'J-2' : 3 fondateurs expliquent pourquoi ils seront là";"Jeu 4/02 'Demain.' : un seul mot, une seule image, logo sur jaune";"VENDREDI 5/02 = JOUR J : e-mail à toute la liste, posts tous canaux, démo en direct 18 h, événement physique, remerciements nominaux aux 100 fondateurs";"Sam 6/02 'Les premières heures en chiffres' (même petits)";"Dim 7/02 '🎉 Encaissé !' - le premier micro-moment réel";"Entrer dans le studio";"Ouverture + 150 abonnés payants";"PAIEMENT EN PRODUCTION ; versements testés ; support 48 h ; modération mobilisée le jour J"
